{
  "loss": [
    0.41502928733825684,
    0.38596826791763306,
    0.3798176944255829,
    0.37676870822906494,
    0.3765571713447571,
    0.37637555599212646,
    0.37527185678482056,
    0.37245312333106995,
    0.3704189658164978,
    0.3708606958389282,
    0.3685398995876312
  ],
  "mae": [
    0.23509202897548676,
    0.20976850390434265,
    0.20717965066432953,
    0.20421791076660156,
    0.20534563064575195,
    0.2043357789516449,
    0.2038758397102356,
    0.20221485197544098,
    0.20123913884162903,
    0.20223522186279297,
    0.20035715401172638
  ],
  "val_loss": [
    0.5448784828186035,
    0.5654021501541138,
    0.5953130125999451,
    0.5898523330688477,
    0.5879295468330383,
    0.5520278811454773,
    0.5810434818267822,
    0.5840303897857666,
    0.592563271522522,
    0.6128485202789307,
    0.6445913910865784
  ],
  "val_mae": [
    0.24691444635391235,
    0.25253748893737793,
    0.24790692329406738,
    0.2435126155614853,
    0.24321195483207703,
    0.24786671996116638,
    0.24277733266353607,
    0.24187909066677094,
    0.2403278946876526,
    0.24408559501171112,
    0.24278642237186432
  ],
  "learning_rate": [
    0.0010000000474974513,
    0.0010000000474974513,
    0.0010000000474974513,
    0.0010000000474974513,
    0.0010000000474974513,
    0.0010000000474974513,
    0.0005000000237487257,
    0.0005000000237487257,
    0.0005000000237487257,
    0.0005000000237487257,
    0.0005000000237487257
  ]
}