{
  "accuracy": [
    0.5094312429428101,
    0.5406015515327454,
    0.5535649061203003,
    0.5542203783988953,
    0.5571334958076477,
    0.5518898963928223,
    0.5620858073234558,
    0.5630325675010681,
    0.5639793276786804,
    0.5653630495071411,
    0.5684218406677246,
    0.565727174282074,
    0.5746850371360779,
    0.5757046341896057
  ],
  "loss": [
    0.9091455340385437,
    0.8683228492736816,
    0.8393300175666809,
    0.8335139751434326,
    0.8275328278541565,
    0.8275584578514099,
    0.8227375745773315,
    0.8197888135910034,
    0.8154610395431519,
    0.812308132648468,
    0.8132354021072388,
    0.809726357460022,
    0.8088372945785522,
    0.8020299077033997
  ],
  "val_accuracy": [
    0.42732304334640503,
    0.4453830420970917,
    0.4418875575065613,
    0.44713079929351807,
    0.4552869200706482,
    0.4547043442726135,
    0.4413049817085266,
    0.446548193693161,
    0.44509175419807434,
    0.4252839982509613,
    0.44771337509155273,
    0.4570346772670746,
    0.46286046504974365,
    0.45120885968208313
  ],
  "val_loss": [
    0.9435192346572876,
    0.9436030387878418,
    0.9488423466682434,
    0.9388054013252258,
    0.9638144969940186,
    0.951305091381073,
    0.9683719277381897,
    0.9829090237617493,
    0.9902844429016113,
    0.9792757630348206,
    0.989533007144928,
    0.9987744092941284,
    0.9910954236984253,
    0.9886859059333801
  ],
  "learning_rate": [
    0.0010000000474974513,
    0.0010000000474974513,
    0.0010000000474974513,
    0.0010000000474974513,
    0.0010000000474974513,
    0.0010000000474974513,
    0.0010000000474974513,
    0.0010000000474974513,
    0.0010000000474974513,
    0.0005000000237487257,
    0.0005000000237487257,
    0.0005000000237487257,
    0.0005000000237487257,
    0.0005000000237487257
  ]
}