{
  "loss": [
    16.85298728942871,
    16.857736587524414,
    16.843751907348633,
    16.84441375732422,
    16.842721939086914,
    16.84829330444336,
    16.847087860107422,
    16.84731101989746,
    16.84066390991211,
    16.83925437927246,
    16.838359832763672,
    16.837810516357422,
    16.838638305664062
  ],
  "mae": [
    0.3182014524936676,
    0.31007644534111023,
    0.319345086812973,
    0.3095274269580841,
    0.32196006178855896,
    0.32827866077423096,
    0.33240896463394165,
    0.33321598172187805,
    0.314762145280838,
    0.3338755667209625,
    0.3303748369216919,
    0.3443599343299866,
    0.3243929147720337
  ],
  "mse": [
    16.85298728942871,
    16.857736587524414,
    16.843751907348633,
    16.84441375732422,
    16.842721939086914,
    16.84829330444336,
    16.847087860107422,
    16.84731101989746,
    16.84066390991211,
    16.83925437927246,
    16.838359832763672,
    16.837810516357422,
    16.838638305664062
  ],
  "val_loss": [
    0.03979846090078354,
    0.03416486829519272,
    0.01931833103299141,
    0.025240374729037285,
    0.03374086692929268,
    0.02972131408751011,
    0.043220486491918564,
    0.045372940599918365,
    0.03876742720603943,
    0.035714659839868546,
    0.03818798437714577,
    0.03649454191327095,
    0.03897110000252724
  ],
  "val_mae": [
    0.1503394991159439,
    0.15410125255584717,
    0.11437789350748062,
    0.1377425193786621,
    0.1652994155883789,
    0.15069521963596344,
    0.19162902235984802,
    0.19665436446666718,
    0.17792418599128723,
    0.1634506732225418,
    0.16809944808483124,
    0.16565236449241638,
    0.1785145103931427
  ],
  "val_mse": [
    0.03979846090078354,
    0.03416486829519272,
    0.01931833103299141,
    0.025240374729037285,
    0.03374086692929268,
    0.02972131408751011,
    0.043220486491918564,
    0.045372940599918365,
    0.03876742720603943,
    0.035714659839868546,
    0.03818798437714577,
    0.03649454191327095,
    0.03897110000252724
  ],
  "learning_rate": [
    0.0010000000474974513,
    0.0010000000474974513,
    0.0010000000474974513,
    0.0010000000474974513,
    0.0010000000474974513,
    0.0010000000474974513,
    0.0010000000474974513,
    0.0010000000474974513,
    0.0005000000237487257,
    0.0005000000237487257,
    0.0005000000237487257,
    0.0005000000237487257,
    0.0005000000237487257
  ]
}