{
  "accuracy": [
    0.503167986869812,
    0.5151846408843994,
    0.5180977582931519,
    0.5224674344062805,
    0.530041515827179,
    0.5331730842590332,
    0.519262969493866,
    0.5180977582931519,
    0.521593451499939,
    0.5312067866325378,
    0.5239967703819275,
    0.5306969881057739,
    0.5349938273429871,
    0.527201235294342,
    0.527201235294342
  ],
  "loss": [
    0.814301073551178,
    0.786319375038147,
    0.7837780714035034,
    0.779704749584198,
    0.7778365612030029,
    0.7757689952850342,
    0.7727375030517578,
    0.7706988453865051,
    0.7662464380264282,
    0.7637267708778381,
    0.762999951839447,
    0.7613153457641602,
    0.7599379420280457,
    0.7628687620162964,
    0.7609296441078186
  ],
  "val_accuracy": [
    0.47247305512428284,
    0.4774249792098999,
    0.46752113103866577,
    0.48412466049194336,
    0.4785901606082916,
    0.48062917590141296,
    0.4721817672252655,
    0.48062917590141296,
    0.4844159483909607,
    0.4736382067203522,
    0.47625982761383057,
    0.47422081232070923,
    0.47276434302330017,
    0.4785901606082916,
    0.48499855399131775
  ],
  "val_loss": [
    0.8088803887367249,
    0.8089854121208191,
    0.8099860548973083,
    0.8093290328979492,
    0.8083291053771973,
    0.809532642364502,
    0.815689206123352,
    0.8135071396827698,
    0.8108318448066711,
    0.8144620060920715,
    0.812384843826294,
    0.8152264952659607,
    0.8177267909049988,
    0.8113631010055542,
    0.814244270324707
  ],
  "learning_rate": [
    0.0010000000474974513,
    0.0010000000474974513,
    0.0010000000474974513,
    0.0010000000474974513,
    0.0010000000474974513,
    0.0010000000474974513,
    0.0010000000474974513,
    0.0010000000474974513,
    0.0010000000474974513,
    0.0010000000474974513,
    0.0005000000237487257,
    0.0005000000237487257,
    0.0005000000237487257,
    0.0005000000237487257,
    0.0005000000237487257
  ]
}