{
  "loss": [
    3.734074592590332,
    3.734018325805664,
    3.7330305576324463,
    3.7325074672698975,
    3.7323946952819824,
    3.7332417964935303,
    3.732307195663452,
    3.731633424758911,
    3.731333017349243,
    3.731444835662842,
    3.7317614555358887,
    3.7306430339813232
  ],
  "mae": [
    0.0828942209482193,
    0.07602810114622116,
    0.08004721999168396,
    0.08197244256734848,
    0.08253681659698486,
    0.08376747369766235,
    0.086338572204113,
    0.08552117645740509,
    0.08352899551391602,
    0.08524151891469955,
    0.08098272979259491,
    0.07940670847892761
  ],
  "mse": [
    3.734074592590332,
    3.734018325805664,
    3.7330305576324463,
    3.7325074672698975,
    3.7323946952819824,
    3.7332417964935303,
    3.732307195663452,
    3.731633424758911,
    3.731333017349243,
    3.731444835662842,
    3.7317614555358887,
    3.7306430339813232
  ],
  "val_loss": [
    0.0038272168021649122,
    0.0036876413505524397,
    0.005595213733613491,
    0.005453350953757763,
    0.004137765150517225,
    0.006770110223442316,
    0.005552145652472973,
    0.004825410898774862,
    0.005428366828709841,
    0.004926017019897699,
    0.00461967708542943,
    0.0045777237974107265
  ],
  "val_mae": [
    0.031390249729156494,
    0.02927694097161293,
    0.05405227467417717,
    0.04861307889223099,
    0.034531138837337494,
    0.0642189085483551,
    0.051240257918834686,
    0.044015806168317795,
    0.04919756203889847,
    0.04420609772205353,
    0.04198816418647766,
    0.041624341160058975
  ],
  "val_mse": [
    0.0038272168021649122,
    0.0036876413505524397,
    0.005595213733613491,
    0.005453350953757763,
    0.004137765150517225,
    0.006770110223442316,
    0.005552145652472973,
    0.004825410898774862,
    0.005428366828709841,
    0.004926017019897699,
    0.00461967708542943,
    0.0045777237974107265
  ],
  "learning_rate": [
    0.0010000000474974513,
    0.0010000000474974513,
    0.0010000000474974513,
    0.0010000000474974513,
    0.0010000000474974513,
    0.0010000000474974513,
    0.0010000000474974513,
    0.0005000000237487257,
    0.0005000000237487257,
    0.0005000000237487257,
    0.0005000000237487257,
    0.0005000000237487257
  ]
}